pathway	pval	padj	ES	NES	nMoreExtreme	size	leadingEdge
HALLMARK_XENOBIOTIC_METABOLISM	0.0015105740181268882	0.0068418171866447735	0.6619782815322596	2.5962771070562387	0	187	Upb1, Comt, Vnn1, Slc22a1, Ephx1, Ces1d, Ppard, Xdh, Fmo1, Enpep, Hsd17b2, Gckr, Cda, Gstm4, Dcxr, Adh1, Jup, Arg2, Cyp27a1, Idh1, Fbp1, Fetub, Cyp4f14, Abhd6, Pcx, Acox1, Adh7, Papss2, Fbln1, Pink1, Dhrs1, Tnfrsf1a, Cyb5a, Slc35b1, Pdk4, Cbr1, Ninj1, Reg1, Ptgr1, Slc46a3, Fabp1, Igfbp4, Ddc, Pmm1, Cd36, Tkfc, Alas1, Ccl25, Maoa, Cndp2, Slc6a6, Hnf4a, Hgfac, Gstt2, Gsto1, Gnmt, Retsat, Nmt1, Fas, Nqo1, Leap2, G6pc, Npc1, Ech1, Cdo1, Aldh2, Pgrmc1, Psmb10, Abcc3, Acp2, Tmbim6, Bcar1, Ddah2, Slc35d1, Tmem176b, Cyp1a1, Cfb, Upp1
HALLMARK_INTERFERON_ALPHA_RESPONSE	0.001610305958132045	0.0068418171866447735	0.6939304687272176	2.4875529270072523	0	92	Ly6e, Batf2, Ifi35, Trim26, Oas1g, Plscr1, Ifitm3, Psmb9, Dhx58, Nmi, Parp12, Lgals3bp, Cmpk2, Isg15, Tap1, Ogfr, Adar, Sp110, Cxcl10, Oasl1, Ifit3, B2m, Psmb8, Irf1, Il4ra, Irf7, Rnf31, Rtp4, Mvb12a, Mx2, Rsad2, Cxcl11, Ddx60, Wars, Irf9, Usp18, Slc25a28, Ifih1, Csf1, Trim25, Uba7, Epsti1, Herc6, Parp14, Il15, Ifi44, C1s2, Ube2l6, Trim14, Helz2, Trim12c, Nub1, Psme2, Tdrd7, Gbp3, Ccrl2
HALLMARK_INTERFERON_GAMMA_RESPONSE	0.0015128593040847202	0.0068418171866447735	0.623875103503176	2.4331413600031615	0	178	Ly6e, Ptpn6, Mvp, Pnp2, Batf2, Ifi35, Trim26, Tapbp, Znfx1, Ddx58, Bpgm, Plscr1, Ifitm3, Casp7, Psmb9, Dhx58, Nmi, Parp12, Lgals3bp, Cmpk2, Isg15, Tap1, Ogfr, Adar, Sp110, Cxcl10, Oas3, Oasl1, Oas2, Ifit3, Lysmd2, Myd88, B2m, Psmb8, Irf1, Il4ra, Irf7, Rnf31, Pml, Rtp4, Mx2, Sectm1a, Rsad2, Rnf213, Fas, Cxcl11, Ddx60, Wars, Rbck1, Zbp1, Irf9, Usp18, Xaf1, Psmb10, Slc25a28, Ifih1, Fgl2, Casp4, Mettl7b, Trim25, Epsti1, Ciita, Herc6, Cxcl9, Parp14, Cfb, Il15, Upp1, Ifi44, C1s2, Stat1, Ncoa3, Ube2l6, Trim14, Helz2, Icam1, Auts2, Psme2, Nlrc5, Vamp8, Tdrd7, Stat3, Gbp3, Hif1a
HALLMARK_BILE_ACID_METABOLISM	0.0016420361247947454	0.0068418171866447735	0.5510520570922142	1.9899763195531976	0	103	Slc22a18, Abca1, Hsd3b7, Sult2b1, Ephx2, Apoa1, Cyp27a1, Idh1, Hsd17b11, Bcar3, Abcg8, Gstk1, Tfcp2l1, Pex16, Hsd17b4, Gclm, Sult1b1, Akr1d1, Abcd3, Abcd1, Aldh1a1, Dhcr24, Gnmt, Nr3c2, Mlycd, Retsat, Npc1, Bbox1, Phyh, Hsd17b6, Nudt12, Rxra, Abca3, Fdxr, Scp2, Atxn1, Abca8b, Pxmp2, Amacr, Acsl5, Hsd3b3, Pex11a, Acsl1
HALLMARK_FATTY_ACID_METABOLISM	0.0016025641025641025	0.0068418171866447735	0.49816386845462707	1.8857626620413142	0	150	Vnn1, Ephx1, Fmo1, Adh1, Idh1, Hsd17b11, Gpd1, Ehhadh, Cyp4a10, Gad2, Acox1, Hpgd, Adh7, Decr1, Cbr1, Acot8, Fabp1, Hsd17b4, Reep6, Fabp2, Crat, Cd36, Aldh3a2, Hmgcl, Maoa, Acsm3, Glul, Aldh1a1, Dhcr24, Mlycd, Retsat, Ech1, G0s2, Urod, Cyp1a1, Cpt2, Cpt1a, Cbr3, D2hgdh, Ugdh, Mdh1, Ube2l6, Ppara, Idh3g, Uros, Bphl, Auh, Car2, Ywhah, Acsl5, Acsl1, Acss1, Erp29, Gpd2, Mdh2, Dlst
HALLMARK_P53_PATHWAY	0.0014992503748125937	0.0068418171866447735	0.47864153837835816	1.8827629802614603	0	189	Serpinb5, Ephx1, Ccnd2, Vdr, Osgin1, Zmat3, Dcxr, Dgka, Sphk1, Cdkn2b, Phlda3, Itgb4, Lrmp, Mxd1, St14, Kif13b, Prkab1, Tcn2, Bax, Iscu, Ninj1, Plxnb2, Tm7sf3, Hexim1, Tap1, Ctsd, Abcc5, Tnfsf9, Cdkn2a, Pmm1, App, Bak1, Retsat, Fos, Fas, Plk3, Aen, Traf4, Ccnd3, Sdc1, Ak1, Mknk2, Slc35d1, Irak1, Hras, Rxra, Upp1, Tgfb1, Rhbdf2, Ccng1, Fuca1, Fdxr, Triap1, Rab40c, Plk2, Sesn1, Stom, Trp53, Vamp8, Ptpn14, Cd81
HALLMARK_ADIPOGENESIS	0.0015220700152207	0.0068418171866447735	0.4589394965186975	1.7966067032669828	0	186	Abca1, Ephx2, Cyp4b1, Cmbl, Idh1, Slc25a10, Phldb1, Acox1, Etfb, Ndufb7, Decr1, Ucp2, Mgst3, Rmdn3, Itih5, Elmod3, Reep6, Bckdha, Scarb1, Crat, Cd36, Tst, Cd151, Cox6a1, Pparg, Retsat, Nmt1, Uck1, Taldo1, Araf, Uqcr11, Ech1, Uqcrq, Col15a1, Ubc, Pgm1, Esrra, Phyh, Aldh2, Stat5a, Pex14, Dgat1, Sorbs1, Uqcrc1, Preb, Cpt2, Idh3g, Mylk, Cdkn2c, Stom, Scp2, Uqcr10, Coq3, Cox8a, Nkiras1
HALLMARK_ALLOGRAFT_REJECTION	0.0015748031496062992	0.0068418171866447735	0.4638871035945056	1.7705265012650324	0	154	Ache, Ccr2, Ptpn6, Ccnd2, H2-T23, Capg, Tlr6, Tapbp, Ctss, Il18, Tnf, Ly75, Fyb, Tap1, Cdkn2a, Icosl, B2m, Il4ra, Irf7, Stab1, Fas, Wars, Tlr1, Ccnd3, Psmb10, Csf1, Nlrp3, Cxcl9, Il15, Tap2, Ets1, Itgal, Tgfb1, Stat1, Egfr, Rpl3l, Il18rap, Icam1, Cd3e, Dyrk3, Hif1a, Akt1, Eif5a, Cd80, Ccr5, Bcl3, C2
HALLMARK_APICAL_JUNCTION	0.0015384615384615385	0.0068418171866447735	0.44461660883455423	1.7238804115894861	0	175	Cdsn, Acta1, Syk, Tgfbi, Zyx, Jup, Itgb4, Gtf2f1, Actn4, Mapk11, Adam15, Fyb, Cdh4, Myl12b, Rhof, Lamc2, Tspan4, Amigo2, Crat, Lima1, Rsu1, Mapk13, Src, Rac2, Mvd, Slit2, Itga2, Tubg1, Wnk4, Itga3, Bmp1, Crb3, Ldlrap1, Hras, Lama3, Cldn15, Egfr, Pik3cb, Adam9, Icam4, Vasp, Mdk, Gamt, Icam1, Pfn1, Cldn14, Nfasc, Ctnnd1, Lamb3, Cx3cl1, Stx4a, Cap1, Ywhah, Cldn18, Nf2, Myh9, Speg
HALLMARK_INFLAMMATORY_RESPONSE	0.0015698587127158557	0.0068418171866447735	0.44683296171185793	1.7198120958457572	0	163	Ly6e, Abca1, P2rx7, Sphk1, Tnfrsf9, Tapbp, Emp3, Pik3r5, Mxd1, Il18, Rnf144b, Plaur, Ffar2, Nmi, Slc11a2, Il18r1, Mep1a, Tnfsf9, Cxcl10, Icosl, Cd14, Irf1, Il4ra, Irf7, Rtp4, Stab1, Cxcl11, Tnfrsf1b, Tlr1, Ptafr, Csf1, Tpbg, Ptger4, Nlrp3, Cxcl9, Myc, Lpar1, Il15, Aplnr, Sema4d, Adrm1, Ccl20, Icam4, Tnfsf15, Il18rap, Icam1, F3, Cx3cl1, Hif1a, Ccrl2, Scarf1, Ptpre, Sri, Scn1b, Nod2, Ereg, Bst2, Kif1b, Ahr
HALLMARK_ESTROGEN_RESPONSE_LATE	0.0015105740181268882	0.0068418171866447735	0.4383567575219245	1.719234068590985	0	187	Ptpn6, Gjb3, Sult2b1, Slc9a3r1, Aldh3b1, Dcxr, Scnn1a, Jak1, Pkp3, Cyp4f14, Mocs2, St14, Etfb, Ccnd1, Papss2, Cd44, Myof, Car12, Krt19, Igfbp4, Lamc2, Scarb1, Sord, Aff1, Tst, Aldh3a2, Abhd2, Mapk13, Ccna1, Fos, Llgl2, Fdft1, Tpbg, Zfp36, Sema3b, Rab31, Tspan13, Tjp3, Slc26a2, Nab2, Mapt, Prss23, Gale, Slc24a3, Abca3, Mill2, Slc2a8, Ugdh, Mdk, Cd9, Cyp26b1, Tff1, Car2, Nmu, Anxa9, Chst8, Rapgefl1
HALLMARK_CHOLESTEROL_HOMEOSTASIS	0.0032520325203252032	0.008130081300813007	0.4873388694275815	1.6875672827891883	1	72	Lgals3, Mvk, Adh4, Anxa13, S100a11, Plscr1, Ethe1, Plaur, Gstm7, Clu, Pparg, Fbxo6, Mvd, Fdft1, Ech1, Cxcl16, Sema3b, Lgmn, Gldc, Tm7sf2, Ebp, Cd9
HALLMARK_MYOGENESIS	0.0015432098765432098	0.0068418171866447735	0.4269829305997659	1.6523173546260645	0	173	Ache, Vipr1, Gsn, Acta1, Mapre3, Ablim1, Ldb3, Sphk1, Itgb4, Smtn, Pcx, Syngr2, Bin1, Ptp4a3, Tagln, Plxnb2, Crat, Cd36, App, Clu, Slc6a8, Agrn, Sod3, Nqo1, Klf5, Col15a1, Ephb3, Mras, Ak1, Sorbs1, Pde4dip, Sirt2, Nav2, Aplnr, Ankrd2, Tgfb1, Cox7a1, Psen2, Mylk, Adcy9, Erbb3
HALLMARK_PEROXISOME	0.004909983633387889	0.010229132569558102	0.4519434835513366	1.620885280486767	2	97	Mvp, Hsd3b7, Abcb1a, Sult2b1, Ephx2, Hsd11b2, Abcb9, Idh1, Hsd17b11, Ehhadh, Acox1, Slc25a4, Gstk1, Tspo, Acot8, Hsd17b4, Abcc5, Crat, Abcd3, Hmgcl, Abcd1, Aldh1a1, Dhcr24, Mlycd, Retsat, Ech1, Pex14, Hras, Ctps, Scp2, Atxn1, Ercc3, Ywhah, Nudt19, Fis1, Acsl5, Pex11a, Acsl1
HALLMARK_APOPTOSIS	0.004739336492890996	0.010229132569558102	0.4165760216660632	1.5876019072743441	2	153	Gsn, Lgals3, Lmna, Mgmt, Ccnd2, Dap, Il18, Ifitm3, Ccnd1, Casp7, Tnf, Cd44, Bax, Ppp2r5b, Rhob, Tspo, Plcb2, Tap1, Bcl2l1, App, Cd14, Clu, Irf1, Ccna1, Retsat, Plat, Nefh, Krt18, Fas, Madd, Dffa, Pea15a, Ank, Casp4, Anxa1, Erbb2, Psen2, Fdxr, Ebp, Erbb3, Dpyd
HALLMARK_COAGULATION	0.009771986970684038	0.018096272167933403	0.42629100524672425	1.5844062626294875	5	124	Ctsh, Gsn, S100a1, Dusp6, Apoa1, Mmp15, Furin, Proz, Iscu, Proc, Mep1a, S100a13, Rapgef3, Lrp1, Apoc3, Cpn1, Crip2, Clu, Hnf4a, Pef1, Plat, Apoc2, Capn2, Itga2, Plek, Gda, Bmp1, Msrb2, Klkb1, F13b, Lgmn, Anxa1, Sirt2, Rabif, Prss23, Cfb, C1s2, Adam9, Ctso, Cd9, Dpp4, Plau, F3
HALLMARK_IL6_JAK_STAT3_SIGNALING	0.013289036544850499	0.02291213197388017	0.4547094142991378	1.5817908138463355	7	76	Pik3r5, Tnf, Cd44, Tnfrsf1a, Reg1, Ltbr, Il18r1, Cxcl10, Cd36, Bak1, Cd14, Myd88, Tnfrsf21, Irf1, Il4ra, Fas, Cxcl11, Tnfrsf1b, Irf9, Csf1, Il9r, Il17ra, Cxcl9, Tgfb1, Stat1, Cd9, Pla2g2a, Stat3, Tyk2, Itga4, Tnfrsf12a, Cxcl13, Ptpn1, Stat2, Il13ra1
HALLMARK_HEME_METABOLISM	0.0030534351145038168	0.008035355564483728	0.40474410971883423	1.573090001911124	1	176	Cast, Sidt2, Htatip2, Eif2ak1, Pdzk1ip1, Atp6v0a1, Mkrn1, Pcx, Hagh, Bpgm, Xk, Ppp2r5b, Ucp2, Slc11a2, Lrp10, Map2k3, Mgst3, Acsl6, Gclm, Gde1, Mpp1, Rnf123, Slc6a8, Slc10a3, Atg4a, Ccnd3, Slc25a37, Acp5, Mocos, Ccdc28a, Fbxo9, Urod, Htra2, Fbxo34, Trak2, Tspan5, Ncoa4, Nek7, Icam4, Pigq, Uros, Mboat2, Car2, Psmd9, Nfe2, Pgls, Ank1, Cdr2, Lpin2, Ctse
HALLMARK_TNFA_SIGNALING_VIA_NFKB	0.0030257186081694403	0.008035355564483728	0.39600337540612845	1.5503018835561877	1	185	Abca1, Relb, Sphk1, Tnfrsf9, Ddx58, Mxd1, Tubb2a, Il18, Plaur, Ccnd1, Tnf, Cd44, Tnip1, Rhob, Map2k3, Ninj1, Sik1, Tap1, Tnfsf9, Cxcl10, Icosl, Irf1, Nfkb2, Nfe2l2, Fos, Cxcl11, Cebpd, Plek, Ifih1, Csf1, Ptger4, Zfp36, Stat5a, G0s2, Klf9, Pmepa1, Trib1, Myc, Nfkbie, Spsb1, Rel, Fut4, Ccl20, Il23a, Phlda1, Icam1, Nr4a3, Plau, B4galt5, F3, Plk2, Irs2, Ets2, Lamb3, Ehd1, Ccrl2, Ptpre, Cd80
HALLMARK_KRAS_SIGNALING_UP	0.0046875	0.010229132569558102	0.3861990839182969	1.4908535732848482	2	171	Kcnn4, Abcb1a, Ccnd2, Dusp6, Ephb2, Gadd45g, Jup, Ano1, Etv4, Mafb, Pigr, Ctss, Bpgm, Anxa10, Plaur, Ptprr, Prrx1, Cxcl10, Ush1c, Psmb8, Laptm5, Tmem176a, Plat, Dock2, Ccser2, Glrx, Ace, Tnfrsf1b, Itga2, Tph1, Plek2, Ank, Sema3b, G0s2, Tspan13, Btbd3, Trib1, Tmem176b, Cfb, Ets1, Ccl20, Kif5c, Fuca1, Tfpi, Plau, Sdccag8, Car2, Gpnmb, Mall
HALLMARK_OXIDATIVE_PHOSPHORYLATION	0.004470938897168405	0.010229132569558102	0.37571874142016826	1.4868564012555976	2	197	Cyb5r3, Idh1, Etfb, Ndufb7, Casp7, Slc25a4, Bax, Decr1, Iscu, Cyb5a, Pdk4, Mgst3, Ogdh, Bckdha, Alas1, Cox6a1, Ndufa1, Mfn2, Glud1, Polr2f, Retsat, Timm13, Uqcr11, Ech1, Uqcrq, Phyh, Atp5l, Cox15, Uqcrc1, Htra2, Mrps12, Ndufv1, Nqo2, Cpt1a, Cox5b, Mdh1, Slc25a12, Mrps11, Idh3g, Mpc1, Oxa1l, Atp5e, Uqcr10, Cox8a, Mrpl34, Fdx1, Ndufa7
HALLMARK_COMPLEMENT	0.006172839506172839	0.012345679012345678	0.3814451133840311	1.476097369504745	3	173	Itgam, Ctsh, Lgals3, Dusp6, Cda, Mmp15, Pik3r5, Ctss, Plscr1, Plaur, Casp7, Pik3cg, Psmb9, Lipa, Ctsd, S100a13, Lrp1, Cd36, Clu, Irf1, Irf7, Hnf4a, Src, Plat, Dock4, Brpf3, Plek, Gngt2, Xpnpep1, Casp4, Klkb1, Lgmn, Rabif, Cfb, Gata3, C1s2, Adam9, Ctso, Klk1, Dpp4, F3, Pfn1, Car2, Pla2g7, Fdx1, Ehd1, Atox1, Stx4a, Serpinc1, Pla2g4a, C2, Calm3, Irf2, Lta4h, Gpd2, Ang, Dyrk2, F5, Csrp1, Sirt6, Lap3
HALLMARK_ESTROGEN_RESPONSE_EARLY	0.0076103500761035	0.014635288607891346	0.3751994995520999	1.4687904202428073	4	186	Inpp5f, Cant1, Ablim1, Sult2b1, Slc9a3r1, Aldh3b1, Scnn1a, Rhod, Ccnd1, Celsr1, Papss2, Cd44, Myof, Krt8, Car12, Krt19, Cbfa2t3, Igfbp4, Sec14l2, Scarb1, Aff1, Syngr1, Krt15, Abhd2, Rrp12, Fos, Krt18, Nadsyn1, Fdft1, Slc1a1, Deptor, Elf3, Slc37a1, Tpbg, Sema3b, Rab31, Tjp3, Slc26a2, Gab2, Nav2, Mast4, Myc, Mapt, Prss23, Slc24a3, Abca3, Mill2, Cyp26b1, Adcy9, Tff1, Anxa9, Rapgefl1, Tsku, Fhl2, Svil, Pex11a, Fkbp4, Syt12, Mybbp1a, Fkbp5, Opn3, Tff3, Fam102a, Lad1, Tmprss3, Flnb
HALLMARK_ANDROGEN_RESPONSE	0.03739837398373984	0.058434959349593495	0.396184605983863	1.417632298302957	22	94	Camkk2, Ptk2b, Hpgd, Ccnd1, Krt8, Stk39, Krt19, Sord, Abhd2, Hsd17b14, Rrp12, B2m, Dhcr24, Sec24d, Inpp4b, Ccnd3, Iqgap2, Zmiz1, Ngly1, Ank, Slc26a2, Pmepa1, Rab4a, Xrcc5, Ncoa4, Adrm1
HALLMARK_ANGIOGENESIS	0.07706093189964158	0.11008704557091654	0.485401212168951	1.397655611745479	42	27	Apoh, Kcnj8, Ccnd2, App, Tnfrsf21, Msx1, Postn, Slco2a1
HALLMARK_PANCREAS_BETA_CELLS	0.06630824372759857	0.09751212312882143	0.45590244960645493	1.3889618346803276	36	37	Vdr, Chga, Mafb, Pax4, Nkx6-1, Neurog3, Syt13, Pdx1, Slc2a2, Stxbp1, Insm1
HALLMARK_UV_RESPONSE_UP	0.03343949044585987	0.053934662009451406	0.35797238112367613	1.3560371519306904	20	149	Cltb, Ephx1, Fmo1, Abcb1a, Cdkn2b, Hspa2, Furin, Clcn2, Slc25a4, Rhob, Creg1, Tap1, Ap2s1, Tst, Alas1, Bak1, Maoa, Irf1, Spr, Slc6a8, Mgat1, Cdc34, Fos, Msx1, Ccnd3, Cdo1, Hyal2, Tuba4a, Tmbim6, Dgat1, Cyb5b, Urod, Ddx21, Cyp1a1, Eif2s3x, Mark2, Pdap1, Icam1, Stard3, Car2
HALLMARK_IL2_STAT5_SIGNALING	0.04580152671755725	0.06939625260235947	0.3401336652753286	1.3219732055636286	29	176	Abcb1a, S100a1, Ccnd2, Pnp2, Capg, Etv4, Tnfrsf9, Furin, Mxd1, Plscr1, Ifitm3, Cd44, Syngr2, Rhob, Praf2, Il18r1, Itih5, Ttc39b, Cxcl10, Bcl2l1, Tnfrsf21, Il4ra, Ctsz, Gsto1, Enpp1, Tnfrsf1b, Galm, Itgae, Ccnd3, Csf1, Fgl2, Plec, Myo1e, Myc, Sh3bgrl2, Ncoa3, Phlda1, Aplp1, Pus1, Car2, St3gal4, Myo1c, Rabgap1l, Cd81, Spred2, Tnfrsf4, Gbp3, Syt11, Socs2, Amacr, Serpinc1, Rnh1, Snx9, Flt3l, Nop2, Ahr
HALLMARK_PROTEIN_SECRETION	0.15721231766612642	0.21244907792719786	0.3400002466040486	1.216673500489175	96	93	Abca1, Ica1, Arfgap3, Atp6v1b1, Gbf1, Ap2s1, Napa, Krt18, Sec24d, Sec31a, Dst, Scamp3, Gosr2, Cope, Tom1l1, Egfr
HALLMARK_MYC_TARGETS_V2	0.28350515463917525	0.34573799346240885	0.3380604349893738	1.1180077384441294	164	58	Map3k6, Sord, Ipo4, Rrp12, Exosc5, Bysl, Aimp2, Nop16, Nolc1, Noc4l, Myc, Rrp9, Pus1, Tbrg4, Plk1, Mybbp1a, Nop2, Ppan, Grwd1, Srm
HALLMARK_HEDGEHOG_SIGNALING	0.30714285714285716	0.3656462585034014	0.3696147519955142	1.1140482010729373	171	34	Ache, Celsr1, Nkx6-1, Pml, Ophn1
HALLMARK_EPITHELIAL_MESENCHYMAL_TRANSITION	0.2531446540880503	0.31643081761006286	0.28651381774044116	1.1019182790904225	160	162	Tgfbi, Capg, Emp3, Dpysl3, Plaur, Cd44, Fbln1, Rhob, Tagln, Vim, Igfbp4, Prrx1, Lamc2, Lrp1, Glipr1, Tpm1, Slc6a8, Fas, Msx1, Slit2, Itga2, Wipf1, Sdc1, Qsox1, Fbln2, Dst, Bmp1, Pmepa1, Crlf1, Lama3, Nid2, Il15, Postn, Tgfb1, Copa, Fuca1, Mylk, Aplp1, Basp1
HALLMARK_GLYCOLYSIS	0.3695324283559578	0.42968887018134627	0.26537005791974133	1.0422484498932776	244	191	Tgfbi, Gne, Idh1, Slc25a10, Cldn3, Pcx, Gmppb, Fbp2, Cd44, Mpi, Pmm2, Chpf2, Cyb5a, Artn, Akr1a1, Ext1, B4galt4, Agrn, Me2, Glrx, Rbck1, Psmc4, Taldo1, Aldob, Chst4, Elf3, Sdc1, Tpbg, Gmppa, Qsox1, Hdlbp, B3gnt3, Nol3, Gale, Egfr, Pygb, G6pdx, Mdh1
HALLMARK_REACTIVE_OXYGEN_SPECIES_PATHWAY	0.42162162162162165	0.4791154791154792	0.3257644588403359	1.0304476266009603	233	46	Gclm, Srxn1, Nqo1, Glrx, Fes, Msra, G6pdx, Pdlim1, Txn1, Abcc1, Atox1, Egln2, Sbno2, Gclc, Ndufs2, Mbp, Sod1, Prnp
HALLMARK_DNA_REPAIR	0.44654088050314467	0.496156533892383	0.2622995097835651	0.9969299079148227	283	146	Cant1, Pnp2, Cda, Aprt, Gtf2f1, Edf1, Nudt9, Cmpk2, Guk1, Taf1c, Dad1, Gtf2b, Polr2f, Vps37d, Nt5c, Pold4, Ak1, Vps37b, Polr3c, Adrm1, Gmpr2, Bola2, Supt5, Trp53, Ddb1, Ercc3, Polr1d
HALLMARK_UV_RESPONSE_DN	0.4620355411954766	0.502212544777692	0.26396727225358263	0.9874673786105012	285	133	Slc22a18, Synj2, Ica1, Mgmt, Fzd2, Nr1d2, Kalrn, Ptprm, Pparg, Tgfbr2, Atrn, Inpp4b, Zmiz1, Rnd3, Pex14, Myc, Lpar1, Rxra, Dbp, Erbb2, Cacna1a, Nek7, Tfpi, F3, Sipa1l1, Atxn1, Abcc1, Ddah1, Fhl2, Magi2, Prkca, Sri
HALLMARK_NOTCH_SIGNALING	0.5833333333333334	0.6205673758865249	0.3046206492258717	0.9008189751661038	321	30	Ppard, Ccnd1, Psen2, Prkca
HALLMARK_WNT_BETA_CATENIN_SIGNALING	0.7888086642599278	0.8049068002652324	0.2551963457134589	0.7928400043036816	436	41	Ppard, Ccnd2, Maml1, Wnt5b, Myc, Psen2, Trp53, Hdac11, Ncstn
HALLMARK_APICAL_SURFACE	0.8571428571428571	0.8571428571428571	-0.23217360980609783	-0.7735945300268154	383	41	Dcbld2, Ghrl, Brca1, Tmem8b, Lyn, Gas1
HALLMARK_PI3K_AKT_MTOR_SIGNALING	0.6358974358974359	0.6623931623931624	-0.23850563541139627	-0.9324295409424174	247	101	Cdk2, Pla2g12a, Ube2n, Slc2a1, Ppp2r1b, Cdkn1b, Ube2d3, Ddit3, Ralb, Tbk1, Cdk4, Pikfyve, Pdk1, Cdk1, Map3k7, Nck1, Mapk1, Mapk8, Lck, Vav3, Itpr2, Hsp90b1, Eif4e, Tiam1, Plcg1, Trib3, Cab39l, Dapp1, Rps6ka3
HALLMARK_KRAS_SIGNALING_DN	0.2219178082191781	0.2845100105374078	-0.26829263757253186	-1.1090029606163685	80	155	Stag3, Camk1d, Mthfr, Atp4a, Plag1, Slc30a3, Irs4, Copz2, Upk3b, Bard1, Fggy, Arhgdig, Snn, Myh7, Tff2, Thrb, Fgfr3, Abcg4, Sptbn2, Clps, Igfbp2, Dtnb, Epha5, Slc16a7, Gp1ba, Krt5, Kcnd1, Ybx2, Rgs11, Itih3, Asb7, Tgfb2, Tex15, Cntfr, Ryr1, P2rx6, Dlk2, Msh5
HALLMARK_UNFOLDED_PROTEIN_RESPONSE	0.20157068062827224	0.26522457977404246	-0.28997757576193367	-1.1434280515120803	76	108	Stc2, Nfyb, Eif4a2, Paip1, Igfbp1, Tspyl2, Cnot2, Wipi1, Gemin4, Cebpb, Cnot6, Dcp2, Spcs3, Nfya, Vegfa, Atf3, Fus, Exosc9, Dkc1, Pop4, Cebpg, Hspa9, Ddit4, Dcp1a, Npm1, Sdad1, Ssr1, Spcs1, Ddx10, Hsp90b1, Eif4e, Eif4a1, Cks1b, Mthfd2
HALLMARK_MTORC1_SIGNALING	0.15709969788519637	0.21244907792719786	-0.27141643262513365	-1.1512022672815065	51	195	Gga2, Plod2, Stc1, Nupr1, Igfbp5, Nfil3, P4ha1, Bub1, Acsl3, Scd2, Slc2a1, Gbe1, Ifrd1, Aurka, Ube2d3, Psma3, Canx, Ddit3, Nampt, Gapdh, Cdc25a, Mthfd2l, Tbk1, Hspd1, Pdk1, Ak4, Hk2, Psmc6, Gmps, Vldlr, Polr3g, Ccnf, Fads1, Tpi1, Stard4, Cacybp, Hspa9, Ddit4, Ssr1, Gsr, Hspe1, Hsp90b1, Mthfd2, Tfrc, Nup205, Acly, Pno1, Psmd12, Trib3, Dapp1, Bhlhe40, Ppp1r15a, Pgk1, Eno1, Ifi30, Mcm4, Immt, Cops5, Eif2s2, Dhfr, Cct6a, Pitpnb, Slc1a5, Hmbs, Aldoa, Stip1, Hprt
HALLMARK_MITOTIC_SPINDLE	0.012084592145015106	0.02157962883038412	-0.3198664693322815	-1.3559067580406359	3	196	Shroom1, Stk38l, Nusap1, Arhgap10, Marcks, Sos1, Bcl2l11, Kif15, Alms1, Bub1, Pcm1, Top2a, Smc4, Prc1, Lmnb1, Racgap1, Kif11, Anln, Rasa1, Ndc80, Katna1, Cd2ap, Tlk1, Gemin4, Aurka, Ect2, Cdk5rap2, Pcgf5, Smc3, Mapre1, Kif20b, Ppp4r2, Hook3, Kif22, Cdc42bpa, Arhgap29, Cenpe, Tubgcp6, Cdk1, Rictor, Kif4, Net1, Rabgap1, Ckap5, Fbxo5, Fscn1, Dynll2, Nck1, Rapgef6, Cep57, Wasf1, Prex1, Pkd2, Pafah1b1, Ywhae, Cdc27, Rapgef5, Lats1, Nek2, Cenpf, Hdac6, Tiam1, Tsc1, Tpx2, Pif1, Dlg1, Arhgap4, Kifap3, Rock1, Kif3c, Arhgap5, Apc, Dlgap5, Kif2c, Clasp1
HALLMARK_TGF_BETA_SIGNALING	0.018648018648018648	0.03108003108003108	-0.4272844613661376	-1.5025467824682677	7	52	Cdkn1c, Smad6, Bmp2, Tgfbr1, Id3, Trim33, Id2, Smad3, Ube2d3, Map3k7, Bmpr1a, Fnta, Hdac1, Xiap, Id1, Bmpr2
HALLMARK_SPERMATOGENESIS	0.002564102564102564	0.008035355564483728	-0.3968928492600828	-1.567102769489342	0	107	Scg3, Strbp, Zc3h14, Topbp1, Mllt10, Pias2, Rfc4, Bub1, Gmcl1, Slc12a2, Pomc, Sirt1, Snap91, Arl4a, Aurka, Dbf4, Tsn, Mtnr1a, Csnk2a2, Cdk1, Nphp1, Ift88, Mlf1, Agfg1, Pcsk1n, Art3, Ezh2, Cnih2, Phkg2, Nek2, Ybx2, Braf, Rad17, Ddx4
HALLMARK_HYPOXIA	0.0029585798816568047	0.008035355564483728	-0.39498054474880046	-1.6575969529249894	0	180	Gpc3, Gpc1, Cdkn1c, Stc2, Zfp292, Stc1, Tgm2, Pdk3, Hmox1, Kdm3a, Vhl, Sdc4, Pdgfb, Ccng2, Igfbp3, Jmjd6, Nfil3, P4ha1, Selenbp2, Bnip3l, Igfbp1, Btg1, Slc2a1, Ndrg1, Pfkfb3, Cdkn1b, Rbpj, P4ha2, Sdc2, Gbe1, Ppp1r3c, Ddit3, Ppargc1a, Tiparp, Klhl24, Map3k1, Gapdh, Pdk1, Sdc3, Ier3, Mif, Ak4, Vegfa, Stbd1, Hk2, Casp6, Atf3, Pam, Vldlr, Selenbp1, Galk1, Wsb1, Tnfaip3, Tpi1, Pnrc1, Fam162a, Klf7, Ddit4, Eno2
HALLMARK_MYC_TARGETS_V1	0.00303951367781155	0.008035355564483728	-0.4237556213550415	-1.795800154253258	0	198	Cbx3, Srsf1, Tardbp, Hnrnpa3, Hnrnpd, Hnrnpu, Cdk2, Rfc4, Ywhaq, Ndufab1, Prdx4, Set, Ssb, Srsf3, Hnrnpa1, Srsf7, Ccna2, Hnrnpc, Got2, Xpo1, Eif1ax, Usp1, Ifrd1, Dek, Canx, Ssbp1, Uba2, Snrpb2, Syncrip, Mad2l1, Hspd1, Cdk4, Srpk1, Rsl1d1, Rps3, Psmc6, Kpnb1, Mrpl23, Stard7, Srsf2, Tra2b, Cul1, Pabpc4, Hnrnpa2b1, Pcna, Nap1l1, Hdac2, Tcp1, Dut, Cct4, Tyms, Cnbp, Gnl3, Ywhae, Npm1, Xrcc6, Rrm1, Eif4g2, Ube2e1, Dhx15, Hspe1, Eif4e, Psma1, Rpl22, Snrpd1, G3bp1, Eif4a1, Ap3s1, Snrpg, Snrpd3, Mcm6, Hnrnpr, Vdac3, Snrpa1, Vbp1, Tomm70a, Rad23b, Pgk1, Mcm4, Cops5, Iars, Eif2s2, Smarcc1, Eif2s1, Impdh2, Xpot, Vdac1, Txnl4a, Hprt, Kpna2, Cct2, Ldha, Slc25a3
HALLMARK_E2F_TARGETS	0.002976190476190476	0.008035355564483728	-0.5587169694435221	-2.3729991289372463	0	194	Luc7l3, Srsf1, Cbx5, Bub1b, Rbbp7, Tmpo, Brca1, Stag1, Hnrnpd, Rpa3, Cdc25b, Pold3, Pan2, Psip1, Top2a, Prdx4, Smc4, Bard1, Ube2t, Lmnb1, Racgap1, Hmgb3, Mre11a, Cdkn1b, Rad50, Hells, Msh2, Nudt21, Tacc3, Xpo1, Nasp, Usp1, Aurka, Dek, Dck, Paics, Brms1l, Slbp, Tubb5, Smc3, Rad21, Hmmr, Cdc25a, Syncrip, Rad51c, Mad2l1, Kif22, Cdk4, Atad2, Cenpe, Cdk1, Asf1a, Eed, Chek1, Cse1l, Kif4, Nbn, Hmga1, Pole4, Srsf2, Tra2b, Mms22l, Tipin, Cdca3, Anp32e, Pcna, Nap1l1, Orc6, Rfc3, Dut, Depdc1a, Mybl2, Spag5, Plk4, Psmc3ip, Ubr7, Ezh2, Nup153, Dscc1, Aurkb, Xrcc6, Pnn, Ipo7, Ctcf, Cks1b, Mthfd2, Rad1, Tfrc, Cdca8, Mcm6, Ncapd2, Nup205, Lbr, Spc25, Exosc8, Chek2, Ppp1r8, Gins1, Tk1, Dlgap5, Kif2c, Rpa2, Mcm4, Ilf3, Ccp110, Melk
HALLMARK_G2M_CHECKPOINT	0.0029411764705882353	0.008035355564483728	-0.563956441453302	-2.3872749622912957	0	187	Nusap1, Srsf1, Marcks, Cdc7, Tmpo, Tnpo2, Cbx1, Kif15, Stag1, Hnrnpd, Srsf10, Hmgn2, Hnrnpu, Cdc25b, Bub1, Mtf2, Top2a, Smc4, Prc1, Bard1, Atrx, Foxn3, Slc12a2, Lmnb1, Racgap1, Cenpa, Hmgb3, Kif11, Pura, Meis1, Cdkn1b, Ccna2, Prpf4b, Ndc80, Tacc3, Xpo1, Smad3, Katna1, Nasp, Aurka, Dbf4, Rad21, Kif20b, Wrn, Hmmr, Cdc25a, Syncrip, Mad2l1, Ccnt1, Kif22, Cdk4, Dtymk, Cenpe, Cdk1, Chek1, Rbl1, Kif4, Pbk, Hmga1, Fbxo5, Odf2, Kpnb1, Srsf2, Ube2c, Dkc1, Smc2, Tra2b, Cul1, Atf5, Ccnf, Ythdc1, Top1, Orc6, Mybl2, Pafah1b1, Plk4, Dr1, Ezh2, Cul4a, Cdc27, Rad54l, Aurkb, Fancc, Nek2, Dmd, Cenpf, Stil, Lig3, Cul5, Snrpd1, Ctcf, Sap30, G3bp1, Cks1b, Uck2, Tpx2, Mcm6, Lbr
